filename,prediction
data/LJ001-0001.wav,0.9999858140945435
data/LJ001-0002.wav,0.9999905824661255
data/LJ001-0002_gen.wav,1.1449778014593903e-08
data/LJ001-0003.wav,0.9999958276748657
data/LJ001-0003_gen.wav,4.81374684113689e-07
