filename,prediction
data/Frauenhofer_gen.wav,1.0
data/LJ045-0087.wav,0.9996809959411621
data/LJ045-0087_gen.wav,1.0657862503649085e-06
data/LJ050-0082.wav,0.9999948740005493
data/LJ050-0082_gen.wav,1.7916143406182528e-05
